{
    "SENS": [
        0.00316,
        0.316,
        20.0
    ],
    "GAIN": [
        3.369,
        0.48,
        2.765
    ],
    "MASS": 0.1085,
    "accel_channel": 0,
    "force_channel": 0,
    "laser_channel": 1,
    "MIC_SENS": 0.05146,
    "MIC_GAIN": 4.316
}